mean_fit_time,std_fit_time,mean_score_time,std_score_time,param_net__batch_size,param_net__module__activation,param_net__module__hidden_sizes,param_net__optimizer__lr,param_net__optimizer__weight_decay,params,split0_test_score,split1_test_score,split2_test_score,split3_test_score,split4_test_score,mean_test_score,std_test_score,rank_test_score,Task,Features
7.779503679275512,0.1603585452874304,0.0404589653015136,0.0019612610288582,32,relu,"(50,)",0.01,1e-05,"{'net__batch_size': 32, 'net__module__activation': 'relu', 'net__module__hidden_sizes': (50,), 'net__optimizer__lr': 0.01, 'net__optimizer__weight_decay': 1e-05}",0.9976851851851852,1.0,1.0,0.9981481481481482,0.9972222222222222,0.9986111111111112,0.0011712139482105,1,Binary,Raw
7.797677087783813,0.1436667216851128,0.0432074546813964,0.0022294690878342,32,relu,"(100,)",0.01,1e-05,"{'net__batch_size': 32, 'net__module__activation': 'relu', 'net__module__hidden_sizes': (100,), 'net__optimizer__lr': 0.01, 'net__optimizer__weight_decay': 1e-05}",0.9986111111111112,1.0,0.9972222222222222,0.9986111111111112,0.9972222222222222,0.9983333333333334,0.0010393492741038,2,Binary,Raw
8.60551404953003,0.0942224594180952,0.0434842109680175,0.0026165764067857,32,relu,"(50, 50)",0.01,1e-05,"{'net__batch_size': 32, 'net__module__activation': 'relu', 'net__module__hidden_sizes': (50, 50), 'net__optimizer__lr': 0.01, 'net__optimizer__weight_decay': 1e-05}",1.0,1.0,0.9986111111111112,0.9972222222222222,0.9958333333333332,0.9983333333333332,0.0016197088596792,5,Binary,Raw
7.804060649871826,0.1240992266987717,0.0413398265838623,0.0028623618267413,32,relu,"(200,)",0.01,1e-05,"{'net__batch_size': 32, 'net__module__activation': 'relu', 'net__module__hidden_sizes': (200,), 'net__optimizer__lr': 0.01, 'net__optimizer__weight_decay': 1e-05}",0.9967592592592592,1.0,0.9972222222222222,0.9986111111111112,0.9958333333333332,0.9976851851851852,0.0014640174352631,21,Binary,Raw
8.663619041442871,0.1297380970619035,0.0436418533325195,0.0025062932876473,32,relu,"(100, 50)",0.01,1e-05,"{'net__batch_size': 32, 'net__module__activation': 'relu', 'net__module__hidden_sizes': (100, 50), 'net__optimizer__lr': 0.01, 'net__optimizer__weight_decay': 1e-05}",0.9986111111111112,1.0,0.9972222222222222,0.9949074074074074,0.9958333333333332,0.9973148148148148,0.0018379104853036,39,Binary,Raw
