mean_fit_time,std_fit_time,mean_score_time,std_score_time,param_var_smoothing,params,split0_test_score,split1_test_score,split2_test_score,split3_test_score,split4_test_score,mean_test_score,std_test_score,rank_test_score,Task,Features
1.071495532989502,2.1230048198896454,0.2937303066253662,0.578232513067644,1e-09,{'var_smoothing': 1e-09},0.73125,0.7090277777777778,0.7020833333333334,0.7152777777777778,0.7166666666666667,0.7148611111111112,0.0096884333481084,1,Multiclass,Raw
0.0097457408905029,9.346008300781247e-06,0.0045460224151611,2.711799372260101e-05,1e-05,{'var_smoothing': 1e-05},0.73125,0.7090277777777778,0.7020833333333334,0.7152777777777778,0.7166666666666667,0.7148611111111112,0.0096884333481084,1,Multiclass,Raw
0.0102198123931884,0.0006366843587681,0.0045514583587646,3.181736805775927e-05,0.001,{'var_smoothing': 0.001},0.7277777777777777,0.7118055555555556,0.6972222222222222,0.7131944444444445,0.7131944444444445,0.7126388888888888,0.0096764796935279,3,Multiclass,Raw
0.0097111225128173,3.61081297602017e-05,0.0045352935791015,2.939406184482274e-05,0.01,{'var_smoothing': 0.01},0.7006944444444444,0.6993055555555555,0.6763888888888888,0.6791666666666667,0.6930555555555555,0.6897222222222222,0.0101246094270042,4,Multiclass,Raw
0.0097124576568603,4.139237679292392e-05,0.0045313835144042,3.661941733099463e-05,0.1,{'var_smoothing': 0.1},0.5583333333333333,0.5708333333333333,0.5548611111111111,0.5770833333333333,0.5673611111111111,0.5656944444444444,0.0081294503481454,5,Multiclass,Raw
