mean_fit_time,std_fit_time,mean_score_time,std_score_time,param_var_smoothing,params,split0_test_score,split1_test_score,split2_test_score,split3_test_score,split4_test_score,mean_test_score,std_test_score,rank_test_score,Task,Features
1.0146824359893798,2.013531880232576,0.289609432220459,0.5722785085379066,1e-09,{'var_smoothing': 1e-09},0.9722222222222222,0.9773148148148147,0.9671296296296296,0.9671296296296296,0.9671296296296296,0.9701851851851852,0.004074074074074,2,Binary,Raw
0.007596206665039,4.0443381460790295e-05,0.0033967494964599,1.2032936321706774e-05,1e-05,{'var_smoothing': 1e-05},0.9722222222222222,0.9773148148148147,0.9671296296296296,0.9671296296296296,0.9671296296296296,0.9701851851851852,0.004074074074074,2,Binary,Raw
0.0075784683227539,6.597410428869216e-05,0.0033929824829101,2.838298833883404e-05,0.001,{'var_smoothing': 0.001},0.9708333333333332,0.975925925925926,0.9675925925925926,0.9685185185185186,0.9671296296296296,0.97,0.0032261576648489,4,Binary,Raw
0.0077077388763427,0.0002436998792222,0.0034077644348144,3.622782665770114e-05,0.01,{'var_smoothing': 0.01},0.9717592592592592,0.9777777777777776,0.9652777777777778,0.9680555555555556,0.9699074074074074,0.9705555555555556,0.0041984385365757,1,Binary,Raw
0.0075421810150146,2.2926100477438222e-05,0.0033909797668457,2.203864794086302e-05,0.1,{'var_smoothing': 0.1},0.9324074074074074,0.9564814814814816,0.938425925925926,0.9592592592592591,0.9435185185185184,0.9460185185185186,0.0103339306876323,5,Binary,Raw
