mean_fit_time,std_fit_time,mean_score_time,std_score_time,param_net__batch_size,param_net__module__activation,param_net__module__hidden_sizes,param_net__optimizer__lr,param_net__optimizer__weight_decay,params,split0_test_score,split1_test_score,split2_test_score,split3_test_score,split4_test_score,mean_test_score,std_test_score,rank_test_score,Task,Features
2.8925469398498533,0.0210505577621287,0.0229637145996093,0.0016169614223636,128,relu,"(100, 50)",0.01,0.0001,"{'net__batch_size': 128, 'net__module__activation': 'relu', 'net__module__hidden_sizes': (100, 50), 'net__optimizer__lr': 0.01, 'net__optimizer__weight_decay': 0.0001}",0.9569444444444444,0.95,0.9618055555555556,0.9479166666666669,0.9534722222222224,0.954027777777778,0.0049573800826596,1,Multiclass,Raw
2.6567249298095703,0.0097281186696938,0.0233583450317382,0.0018735295061848,128,relu,"(200,)",0.01,0.0001,"{'net__batch_size': 128, 'net__module__activation': 'relu', 'net__module__hidden_sizes': (200,), 'net__optimizer__lr': 0.01, 'net__optimizer__weight_decay': 0.0001}",0.9423611111111112,0.9263888888888888,0.945138888888889,0.9458333333333332,0.9361111111111112,0.9391666666666668,0.0072515430456703,9,Multiclass,Raw
2.9270851612091064,0.0137663098218827,0.0249260902404785,0.0019593792401791,128,relu,"(50, 50)",0.01,0.0001,"{'net__batch_size': 128, 'net__module__activation': 'relu', 'net__module__hidden_sizes': (50, 50), 'net__optimizer__lr': 0.01, 'net__optimizer__weight_decay': 0.0001}",0.9298611111111112,0.9277777777777778,0.9416666666666668,0.9340277777777778,0.9333333333333332,0.9333333333333332,0.004750730937913,21,Multiclass,Raw
2.665635347366333,0.0214209928709255,0.0234673500061035,0.0017968150968396,128,relu,"(100,)",0.01,0.0001,"{'net__batch_size': 128, 'net__module__activation': 'relu', 'net__module__hidden_sizes': (100,), 'net__optimizer__lr': 0.01, 'net__optimizer__weight_decay': 0.0001}",0.9395833333333332,0.9263888888888888,0.9333333333333332,0.9340277777777778,0.9215277777777776,0.9309722222222222,0.0063129545429797,25,Multiclass,Raw
2.655757761001587,0.0238349995703213,0.0240238666534423,0.0020038650634007,128,relu,"(50,)",0.01,0.0001,"{'net__batch_size': 128, 'net__module__activation': 'relu', 'net__module__hidden_sizes': (50,), 'net__optimizer__lr': 0.01, 'net__optimizer__weight_decay': 0.0001}",0.9222222222222224,0.9083333333333332,0.9194444444444444,0.9256944444444444,0.90625,0.9163888888888888,0.0077155246735173,54,Multiclass,Raw
