mean_fit_time,std_fit_time,mean_score_time,std_score_time,param_var_smoothing,params,split0_test_score,split1_test_score,split2_test_score,split3_test_score,split4_test_score,mean_test_score,std_test_score,rank_test_score,Task,Features
1.0362208843231202,2.057225205546017,0.2908978939056396,0.5748486382324863,1e-09,{'var_smoothing': 1e-09},0.9916666666666668,0.9944444444444444,0.9861111111111112,0.9879629629629628,0.9861111111111112,0.9892592592592592,0.003291923858265,4,Binary,Reduced
0.0073983192443847,6.970984165731061e-05,0.0035748481750488,0.0004276481029246,1e-05,{'var_smoothing': 1e-05},0.9921296296296296,0.9944444444444444,0.9861111111111112,0.9879629629629628,0.9861111111111112,0.989351851851852,0.0033640559489971,3,Binary,Reduced
0.0073577880859375,5.315705700234203e-05,0.0033463478088378,2.0393138424631898e-05,0.001,{'var_smoothing': 0.001},0.9935185185185184,0.9944444444444444,0.9875,0.9902777777777778,0.9879629629629628,0.9907407407407408,0.0028236945707364,2,Binary,Reduced
0.0073413848876953,1.6827015125370777e-05,0.0034758567810058,0.0002251637683753,0.01,{'var_smoothing': 0.01},0.9962962962962962,0.9930555555555556,0.9898148148148148,0.9907407407407408,0.9888888888888888,0.9917592592592592,0.0026579074248902,1,Binary,Reduced
0.0073781013488769,4.204530400893285e-05,0.0033638477325439,2.088688275145263e-05,0.1,{'var_smoothing': 0.1},0.9222222222222224,0.95,0.9305555555555556,0.9444444444444444,0.9291666666666668,0.9352777777777778,0.0103040205505507,5,Binary,Reduced
