mean_fit_time,std_fit_time,mean_score_time,std_score_time,param_C,param_class_weight,param_gamma,param_kernel,params,split0_test_score,split1_test_score,split2_test_score,split3_test_score,split4_test_score,mean_test_score,std_test_score,rank_test_score,Task,Features
0.0253020763397216,0.0008224419461273,0.0027975559234619,0.0003031454646724,10.0,balanced,scale,rbf,"{'C': 10, 'class_weight': 'balanced', 'gamma': 'scale', 'kernel': 'rbf'}",0.9986111111111112,1.0,0.9972222222222222,0.9958333333333332,0.9972222222222222,0.9977777777777778,0.0014163943093313,1,Binary,Raw
0.0251795291900634,0.0008860695875943,0.003396463394165,0.0002942608581198,10.0,balanced,scale,sigmoid,"{'C': 10, 'class_weight': 'balanced', 'gamma': 'scale', 'kernel': 'sigmoid'}",0.4300925925925926,0.4398148148148148,0.4143518518518518,0.4564814814814815,0.4435185185185185,0.4368518518518519,0.0140746832226849,67,Binary,Raw
0.0243335723876953,0.0014236273951655,0.0033536434173583,0.0003214578666325,10.0,balanced,scale,poly,"{'C': 10, 'class_weight': 'balanced', 'gamma': 'scale', 'kernel': 'poly'}",0.3652777777777777,0.4097222222222222,0.4185185185185185,0.4111111111111111,0.412962962962963,0.4035185185185185,0.0193529593870559,70,Binary,Raw
